항공사,출발지공항,스케줄타임
대한항공,신 울란바토르,202403060005
대한항공,암스테르담,202403060055
대한항공,나트랑,202403060615
대한항공,후쿠오카,202403060650
대한항공,김해,202403060700
대한항공,키타큐슈,202403060705
대한항공,옌타이,202403060725
대한항공,도쿄/나리타,202403060730
대한항공,신 울란바토르,202403060745
대한항공,마닐라,202403060745
대한항공,베이징/서우두,202403060755
대한항공,후쿠오카,202403060800
대한항공,오사카/ 간사이,202403060800
대한항공,오키나와,202403060805
대한항공,하노이,202403060805
대한항공,선전,202403060815
대한항공,홍콩,202403060820
대한항공,김해,202403060825
대한항공,상하이/푸동,202403060825
대한항공,칭다오,202403060830
대한항공,삿포로,202403060835
대한항공,오카야마,202403060845
대한항공,선양(심양),202403060850
대한항공,상하이/푸동,202403060855
대한항공,광저우,202403060855
대한항공,장사,202403060855
대한항공,오사카/ 간사이,202403060900
대한항공,타이베이,202403060900
대한항공,칭다오,202403060905
대한항공,호찌민,202403060910
대한항공,우한,202403060915
대한항공,방콕/수완나품,202403060915
대한항공,괌,202403060915
대한항공,시안,202403060920
대한항공,옌지(연길),202403060925
대한항공,항저우,202403060930
대한항공,보스턴,202403060930
대한항공,디트로이트,202403060935
대한항공,괌,202403060935
대한항공,타이베이,202403060940
대한항공,싱가포르,202403060950
대한항공,애틀랜타,202403060935
대한항공,도쿄/나리타,202403060955
대한항공,샤먼,202403061005
대한항공,삿포로,202403061005
대한항공,오키나와,202403061010
대한항공,호찌민,202403061015
대한항공,뉴욕/존에프케네디,202403061000
대한항공,톈진,202403061015
대한항공,워싱턴,202403061015
대한항공,댈러스포트워스,202403061020
대한항공,토론토,202403061020
대한항공,난징,202403061030
대한항공,하노이,202403061035
대한항공,나고야,202403061035
대한항공,자카르타/수카르노하타,202403061035
대한항공,홍콩,202403061040
대한항공,시카고/오헤어,202403061040
대한항공,다낭,202403061045
대한항공,하이커우,202403061045
대한항공,오사카/ 간사이,202403061050
대한항공,런던/히드로,202403061055
대한항공,후쿠오카,202403061105
대한항공,가고시마,202403061105
대한항공,타슈켄트,202403061105
대한항공,쿠알라룸푸르,202403061105
대한항공,베이징/서우두,202403061110
대한항공,프라하,202403061110
대한항공,다낭,202403061110
대한항공,상하이/푸동,202403061110
대한항공,프랑크푸르트,202403061130
대한항공,옌타이,202403061155
대한항공,칭다오,202403061200
대한항공,바르셀로나,202403061205
대한항공,비엔나,202403061205
대한항공,파리/샤를드골,202403061210
대한항공,밀라노,202403061210
대한항공,상하이/푸동,202403061215
대한항공,가오슝,202403061215
대한항공,타이베이,202403061225
대한항공,두바이,202403061245
대한항공,다롄(대련),202403061250
대한항공,상하이/푸동,202403061255
대한항공,삿포로,202403061255
대한항공,칭다오,202403061305
대한항공,후쿠오카,202403061310
대한항공,칭다오,202403061315
대한항공,신 울란바토르,202403061320
대한항공,카트만두,202403061325
대한항공,도쿄/나리타,202403061335
대한항공,이스탄불,202403061345
대한항공,김해,202403061415
대한항공,시안,202403061420
대한항공,웨이하이,202403061400
대한항공,상하이/푸동,202403061430
대한항공,선양(심양),202403061430
대한항공,로스앤젤레스,202403061430
대한항공,자카르타/수카르노하타,202403061505
대한항공,오사카/ 간사이,202403061510
대한항공,쿤밍,202403061545
대한항공,푸꾸옥,202403061545
대한항공,광저우,202403061615
대한항공,샌프란시스코,202403061600
대한항공,타이베이,202403061615
대한항공,시애틀,202403061600
대한항공,상하이/푸동,202403061620
대한항공,양곤,202403061635
대한항공,칭다오,202403061640
대한항공,도쿄/나리타,202403061655
대한항공,푸켓,202403061655
대한항공,쿠알라룸푸르,202403061640
대한항공,방콕/수완나품,202403061710
대한항공,김해,202403061715
대한항공,방콕/수완나품,202403061720
대한항공,후쿠오카,202403061720
대한항공,덴파사르,202403061740
대한항공,푸켓,202403061745
대한항공,호찌민,202403061755
대한항공,오클랜드(뉴질랜드),202403061755
대한항공,하노이,202403061805
대한항공,호찌민,202403061805
대한항공,치앙마이,202403061805
대한항공,밴쿠버,202403061820
대한항공,상하이/푸동,202403061825
대한항공,다낭,202403061830
대한항공,나트랑,202403061830
대한항공,싱가포르,202403061835
대한항공,마닐라,202403061835
대한항공,댈러스포트워스,202403061835
대한항공,하노이,202403061840
대한항공,후쿠오카,202403061840
대한항공,애틀랜타,202403061845
대한항공,시드니,202403061845
대한항공,도쿄/나리타,202403061845
대한항공,나고야,202403061900
대한항공,세부,202403061850
대한항공,오사카/ 간사이,202403061905
대한항공,방콕/수완나품,202403061905
대한항공,프놈펜,202403061855
대한항공,상하이/푸동,202403061905
대한항공,베이징/서우두,202403061900
대한항공,미니애폴리스,202403061925
대한항공,대구,202403061925
대한항공,김해,202403061935
대한항공,호찌민,202403061935
대한항공,비엔티안,202403061935
대한항공,로스앤젤레스,202403061940
대한항공,브리즈번,202403061945
대한항공,홍콩,202403062000
대한항공,마닐라,202403062005
대한항공,시애틀,202403062005
대한항공,세부,202403062005
대한항공,방콕/수완나품,202403062010
대한항공,방콕/수완나품,202403062015
대한항공,샌프란시스코,202403062020
대한항공,뉴욕/존에프케네디,202403062035
대한항공,호놀룰루,202403062035
대한항공,도쿄/하네다,202403062040
대한항공,타이베이,202403062055
대한항공,라스베이거스,202403062100
대한항공,다낭,202403062110
대한항공,호놀룰루,202403062125
대한항공,클라크필드,202403062135
대한항공,리야드,202403062225
대한항공,싱가포르,202403062310
대한항공,두바이,202403062340
대한항공,나트랑,202403070615
대한항공,후쿠오카,202403070650
대한항공,김해,202403070700
대한항공,키타큐슈,202403070705
대한항공,옌타이,202403070725
대한항공,도쿄/나리타,202403070730
대한항공,고마쓰,202403070735
대한항공,신 울란바토르,202403070745
대한항공,마닐라,202403070745
대한항공,베이징/서우두,202403070755
대한항공,오사카/ 간사이,202403070800
대한항공,후쿠오카,202403070800
대한항공,오키나와,202403070805
대한항공,하노이,202403070805
대한항공,선전,202403070815
대한항공,홍콩,202403070820
대한항공,김해,202403070825
대한항공,상하이/푸동,202403070825
대한항공,칭다오,202403070830
대한항공,삿포로,202403070835
대한항공,선양(심양),202403070850
대한항공,상하이/푸동,202403070855
대한항공,장사,202403070855
대한항공,광저우,202403070855
대한항공,타이베이,202403070900
대한항공,오사카/ 간사이,202403070900
대한항공,칭다오,202403070905
대한항공,호찌민,202403070910
대한항공,괌,202403070915
대한항공,방콕/수완나품,202403070915
대한항공,시안,202403070920
대한항공,옌지(연길),202403070925
대한항공,보스턴,202403070930
대한항공,디트로이트,202403070935
대한항공,괌,202403070935
대한항공,애틀랜타,202403070935
대한항공,타이베이,202403070940
대한항공,싱가포르,202403070950
대한항공,도쿄/나리타,202403070955
대한항공,뉴욕/존에프케네디,202403071000
대한항공,삿포로,202403071005
대한항공,샤먼,202403071005
대한항공,니가타,202403071005
대한항공,오키나와,202403071010
대한항공,호찌민,202403071015
대한항공,워싱턴,202403071015
대한항공,톈진,202403071015
대한항공,댈러스포트워스,202403071020
대한항공,아오모리,202403071030
대한항공,하노이,202403071035
대한항공,나고야,202403071035
대한항공,시카고/오헤어,202403071040
대한항공,홍콩,202403071040
대한항공,다낭,202403071045
대한항공,하이커우,202403071045
대한항공,오사카/ 간사이,202403071050
대한항공,런던/히드로,202403071055
대한항공,후쿠오카,202403071105
대한항공,타슈켄트,202403071105
대한항공,쿠알라룸푸르,202403071105
대한항공,상하이/푸동,202403071110
대한항공,암스테르담,202403071110
대한항공,다낭,202403071110
대한항공,프랑크푸르트,202403071130
대한항공,덴파사르,202403071135
대한항공,파리/샤를드골,202403071145
대한항공,옌타이,202403071155
대한항공,칭다오,202403071200
대한항공,파리/샤를드골,202403071210
대한항공,상하이/푸동,202403071215
대한항공,가오슝,202403071215
대한항공,델리,202403071220
대한항공,타이베이,202403071225
대한항공,삿포로,202403071230
대한항공,두바이,202403071245
대한항공,부다페스트,202403071245
대한항공,다롄(대련),202403071250
대한항공,상하이/푸동,202403071255
대한항공,마드리드,202403071255
대한항공,삿포로,202403071255
대한항공,칭다오,202403071305
대한항공,후쿠오카,202403071310
대한항공,칭다오,202403071315
대한항공,신 울란바토르,202403071320
대한항공,도쿄/나리타,202403071335
대한항공,오이타,202403071350
대한항공,웨이하이,202403071400
대한항공,로마,202403071405
대한항공,김해,202403071415
대한항공,선양(심양),202403071430
대한항공,로스앤젤레스,202403071430
대한항공,자카르타/수카르노하타,202403071505
대한항공,오사카/ 간사이,202403071510
대한항공,푸꾸옥,202403071545
대한항공,샌프란시스코,202403071600
대한항공,시애틀,202403071600
대한항공,타이베이,202403071615
대한항공,상하이/푸동,202403071620
대한항공,덴파사르,202403071620
대한항공,칭다오,202403071640
대한항공,쿠알라룸푸르,202403071640
대한항공,푸켓,202403071655
대한항공,도쿄/나리타,202403071655
대한항공,방콕/수완나품,202403071710
대한항공,김해,202403071715
대한항공,방콕/수완나품,202403071720
대한항공,후쿠오카,202403071720
대한항공,덴파사르,202403071740
대한항공,푸켓,202403071745
대한항공,아부다비,202403071745
대한항공,호찌민,202403071755
대한항공,오클랜드(뉴질랜드),202403071755
대한항공,하노이,202403071805
대한항공,치앙마이,202403071805
대한항공,호찌민,202403071805
대한항공,밴쿠버,202403071820
대한항공,상하이/푸동,202403071825
대한항공,다낭,202403071830
대한항공,나트랑,202403071830
대한항공,싱가포르,202403071835
대한항공,마닐라,202403071835
대한항공,댈러스포트워스,202403071835
대한항공,하노이,202403071840
대한항공,후쿠오카,202403071840
대한항공,도쿄/나리타,202403071845
대한항공,애틀랜타,202403071845
대한항공,시드니,202403071845
대한항공,세부,202403071850
대한항공,프놈펜,202403071855
대한항공,나고야,202403071900
대한항공,베이징/서우두,202403071900
대한항공,상하이/푸동,202403071905
대한항공,오사카/ 간사이,202403071905
대한항공,방콕/수완나품,202403071905
대한항공,대구,202403071925
대한항공,미니애폴리스,202403071925
대한항공,김해,202403071935
대한항공,호찌민,202403071935
대한항공,비엔티안,202403071935
대한항공,로스앤젤레스,202403071940
대한항공,브리즈번,202403071945
대한항공,마닐라,202403071950
대한항공,홍콩,202403072000
대한항공,세부,202403072005
대한항공,시애틀,202403072005
대한항공,방콕/수완나품,202403072010
대한항공,방콕/수완나품,202403072015
대한항공,뉴욕/존에프케네디,202403072035
대한항공,호놀룰루,202403072035
대한항공,도쿄/하네다,202403072040
대한항공,타이베이,202403072055
대한항공,라스베이거스,202403072100
대한항공,다낭,202403072110
대한항공,클라크필드,202403072135
대한항공,마카오,202403072205
대한항공,싱가포르,202403072310
대한항공,두바이,202403072340
대한항공,암스테르담,202403080055
대한항공,나트랑,202403080615
대한항공,후쿠오카,202403080650
대한항공,김해,202403080700
대한항공,키타큐슈,202403080705
대한항공,옌타이,202403080725
대한항공,도쿄/나리타,202403080730
대한항공,마닐라,202403080745
대한항공,신 울란바토르,202403080745
대한항공,베이징/서우두,202403080755
대한항공,후쿠오카,202403080800
대한항공,하노이,202403080805
대한항공,오키나와,202403080805
대한항공,선전,202403080815
대한항공,홍콩,202403080820
대한항공,김해,202403080825
대한항공,상하이/푸동,202403080825
대한항공,삿포로,202403080830
대한항공,칭다오,202403080830
대한항공,오카야마,202403080845
대한항공,선양(심양),202403080850
대한항공,오사카/ 간사이,202403080850
대한항공,광저우,202403080855
대한항공,장사,202403080855
대한항공,상하이/푸동,202403080855
대한항공,오사카/ 간사이,202403080900
대한항공,타이베이,202403080900
대한항공,칭다오,202403080905
대한항공,호찌민,202403080910
대한항공,방콕/수완나품,202403080915
대한항공,괌,202403080915
대한항공,우한,202403080915
대한항공,시안,202403080920
대한항공,옌지(연길),202403080925
대한항공,보스턴,202403080930
대한항공,애틀랜타,202403080935
대한항공,디트로이트,202403080935
대한항공,괌,202403080935
대한항공,타이베이,202403080940
대한항공,싱가포르,202403080950
대한항공,도쿄/나리타,202403080955
대한항공,뉴욕/존에프케네디,202403081000
대한항공,삿포로,202403081005
대한항공,샤먼,202403081005
대한항공,오키나와,202403081010
대한항공,워싱턴,202403081015
대한항공,톈진,202403081015
대한항공,호찌민,202403081015
대한항공,토론토,202403081020
대한항공,난징,202403081030
대한항공,나고야,202403081035
대한항공,자카르타/수카르노하타,202403081035
대한항공,하노이,202403081035
대한항공,홍콩,202403081040
대한항공,시카고/오헤어,202403081040
대한항공,하이커우,202403081045
대한항공,다낭,202403081045
대한항공,오사카/ 간사이,202403081050
대한항공,런던/히드로,202403081055
대한항공,후쿠오카,202403081105
대한항공,가고시마,202403081105
대한항공,타슈켄트,202403081105
대한항공,쿠알라룸푸르,202403081105
대한항공,다낭,202403081110
대한항공,베이징/서우두,202403081110
대한항공,프라하,202403081110
대한항공,상하이/푸동,202403081110
대한항공,프랑크푸르트,202403081130
대한항공,파리/샤를드골,202403081145
대한항공,항저우,202403081155
대한항공,옌타이,202403081155
대한항공,칭다오,202403081200
대한항공,바르셀로나,202403081205
대한항공,비엔나,202403081205
대한항공,파리/샤를드골,202403081210
대한항공,밀라노,202403081210
대한항공,가오슝,202403081215
대한항공,상하이/푸동,202403081215
대한항공,델리,202403081220
대한항공,타이베이,202403081225
대한항공,두바이,202403081245
대한항공,다롄(대련),202403081250
대한항공,삿포로,202403081255
대한항공,상하이/푸동,202403081255
대한항공,칭다오,202403081305
대한항공,후쿠오카,202403081310
대한항공,신 울란바토르,202403081320
대한항공,카트만두,202403081325
대한항공,도쿄/나리타,202403081335
대한항공,이스탄불,202403081345
대한항공,웨이하이,202403081400
대한항공,김해,202403081415
대한항공,시안,202403081420
대한항공,로스앤젤레스,202403081430
대한항공,선양(심양),202403081430
대한항공,상하이/푸동,202403081430
대한항공,자카르타/수카르노하타,202403081505
대한항공,오사카/ 간사이,202403081510
대한항공,푸꾸옥,202403081545
대한항공,시애틀,202403081600
대한항공,샌프란시스코,202403081600
대한항공,타이베이,202403081615
대한항공,광저우,202403081615
대한항공,상하이/푸동,202403081620
대한항공,호찌민,202403081635
대한항공,쿠알라룸푸르,202403081640
대한항공,칭다오,202403081640
대한항공,푸켓,202403081655
대한항공,도쿄/나리타,202403081655
대한항공,방콕/수완나품,202403081710
대한항공,김해,202403081715
대한항공,방콕/수완나품,202403081720
대한항공,후쿠오카,202403081720
대한항공,덴파사르,202403081740
대한항공,오클랜드(뉴질랜드),202403081755
대한항공,치앙마이,202403081805
대한항공,호찌민,202403081805
대한항공,하노이,202403081805
대한항공,밴쿠버,202403081820
대한항공,상하이/푸동,202403081825
대한항공,나트랑,202403081830
대한항공,다낭,202403081830
대한항공,마닐라,202403081835
대한항공,싱가포르,202403081835
대한항공,댈러스포트워스,202403081835
대한항공,후쿠오카,202403081840
대한항공,하노이,202403081840
대한항공,도쿄/나리타,202403081845
대한항공,시드니,202403081845
대한항공,애틀랜타,202403081845
대한항공,세부,202403081850
대한항공,프놈펜,202403081855
대한항공,나고야,202403081900
대한항공,베이징/서우두,202403081900
대한항공,방콕/수완나품,202403081905
대한항공,오사카/ 간사이,202403081905
대한항공,상하이/푸동,202403081905
대한항공,대구,202403081925
대한항공,미니애폴리스,202403081925
대한항공,김해,202403081935
대한항공,호찌민,202403081935
대한항공,로스앤젤레스,202403081940
대한항공,브리즈번,202403081945
대한항공,홍콩,202403082000
대한항공,마닐라,202403082005
대한항공,시애틀,202403082005
대한항공,세부,202403082005
대한항공,방콕/수완나품,202403082010
대한항공,방콕/수완나품,202403082015
대한항공,샌프란시스코,202403082020
대한항공,호놀룰루,202403082035
대한항공,뉴욕/존에프케네디,202403082035
대한항공,도쿄/하네다,202403082040
대한항공,타이베이,202403082055
대한항공,라스베이거스,202403082100
대한항공,다낭,202403082110
대한항공,호놀룰루,202403082125
대한항공,리야드,202403082225
대한항공,싱가포르,202403082310
대한항공,두바이,202403082340
대한항공,신 울란바토르,202403090005
대한항공,암스테르담,202403090055
대한항공,나트랑,202403090615
대한항공,후쿠오카,202403090650
대한항공,김해,202403090700
대한항공,키타큐슈,202403090705
대한항공,옌타이,202403090725
대한항공,도쿄/나리타,202403090730
대한항공,고마쓰,202403090735
대한항공,마닐라,202403090745
대한항공,신 울란바토르,202403090745
대한항공,베이징/서우두,202403090755
대한항공,후쿠오카,202403090800
대한항공,오사카/ 간사이,202403090800
대한항공,하노이,202403090805
대한항공,오키나와,202403090805
대한항공,선전,202403090815
대한항공,홍콩,202403090820
대한항공,김해,202403090825
대한항공,상하이/푸동,202403090825
대한항공,칭다오,202403090830
대한항공,삿포로,202403090835
대한항공,선양(심양),202403090850
대한항공,광저우,202403090855
대한항공,상하이/푸동,202403090855
대한항공,오사카/ 간사이,202403090900
대한항공,타이베이,202403090900
대한항공,칭다오,202403090905
대한항공,호찌민,202403090910
대한항공,방콕/수완나품,202403090915
대한항공,괌,202403090915
대한항공,시안,202403090920
대한항공,옌지(연길),202403090925
대한항공,보스턴,202403090930
대한항공,애틀랜타,202403090935
대한항공,디트로이트,202403090935
대한항공,괌,202403090935
대한항공,타이베이,202403090940
대한항공,싱가포르,202403090950
대한항공,도쿄/나리타,202403090955
대한항공,뉴욕/존에프케네디,202403091000
대한항공,삿포로,202403091005
대한항공,니가타,202403091005
대한항공,샤먼,202403091005
대한항공,오키나와,202403091010
대한항공,워싱턴,202403091015
대한항공,톈진,202403091015
대한항공,호찌민,202403091015
대한항공,댈러스포트워스,202403091020
대한항공,토론토,202403091020
대한항공,아오모리,202403091030
대한항공,나고야,202403091035
대한항공,자카르타/수카르노하타,202403091035
대한항공,하노이,202403091035
대한항공,홍콩,202403091040
대한항공,시카고/오헤어,202403091040
대한항공,하이커우,202403091045
대한항공,다낭,202403091045
대한항공,오사카/ 간사이,202403091050
대한항공,런던/히드로,202403091055
대한항공,후쿠오카,202403091105
대한항공,타슈켄트,202403091105
대한항공,쿠알라룸푸르,202403091105
대한항공,암스테르담,202403091110
대한항공,다낭,202403091110
대한항공,상하이/푸동,202403091110
대한항공,프랑크푸르트,202403091130
대한항공,덴파사르,202403091135
대한항공,파리/샤를드골,202403091145
대한항공,옌타이,202403091155
대한항공,칭다오,202403091200
대한항공,바르셀로나,202403091205
대한항공,파리/샤를드골,202403091210
대한항공,가오슝,202403091215
대한항공,상하이/푸동,202403091215
대한항공,타이베이,202403091225
대한항공,부다페스트,202403091245
대한항공,두바이,202403091245
대한항공,다롄(대련),202403091250
대한항공,삿포로,202403091255
대한항공,상하이/푸동,202403091255
대한항공,칭다오,202403091305
대한항공,후쿠오카,202403091310
대한항공,칭다오,202403091315
대한항공,신 울란바토르,202403091320
대한항공,도쿄/나리타,202403091335
대한항공,오이타,202403091350
대한항공,웨이하이,202403091400
대한항공,로마,202403091405
대한항공,김해,202403091415
대한항공,로스앤젤레스,202403091430
대한항공,선양(심양),202403091430
대한항공,자카르타/수카르노하타,202403091505
대한항공,오사카/ 간사이,202403091510
대한항공,푸꾸옥,202403091545
대한항공,시애틀,202403091600
대한항공,샌프란시스코,202403091600
대한항공,타이베이,202403091615
대한항공,광저우,202403091615
대한항공,덴파사르,202403091620
대한항공,상하이/푸동,202403091620
대한항공,쿠알라룸푸르,202403091640
대한항공,칭다오,202403091640
대한항공,푸켓,202403091655
대한항공,도쿄/나리타,202403091655
대한항공,방콕/수완나품,202403091710
대한항공,김해,202403091715
대한항공,방콕/수완나품,202403091720
대한항공,후쿠오카,202403091720
대한항공,덴파사르,202403091740
대한항공,아부다비,202403091745
대한항공,푸켓,202403091745
대한항공,오클랜드(뉴질랜드),202403091755
대한항공,호찌민,202403091755
대한항공,치앙마이,202403091805
대한항공,호찌민,202403091805
대한항공,하노이,202403091805
대한항공,밴쿠버,202403091820
대한항공,상하이/푸동,202403091825
대한항공,나트랑,202403091830
대한항공,다낭,202403091830
대한항공,마닐라,202403091835
대한항공,싱가포르,202403091835
대한항공,댈러스포트워스,202403091835
대한항공,후쿠오카,202403091840
대한항공,하노이,202403091840
대한항공,도쿄/나리타,202403091845
대한항공,시드니,202403091845
대한항공,애틀랜타,202403091845
대한항공,세부,202403091850
대한항공,프놈펜,202403091855
대한항공,나고야,202403091900
대한항공,베이징/서우두,202403091900
대한항공,방콕/수완나품,202403091905
대한항공,오사카/ 간사이,202403091905
대한항공,상하이/푸동,202403091905
대한항공,대구,202403091925
대한항공,미니애폴리스,202403091925
대한항공,김해,202403091935
대한항공,호찌민,202403091935
대한항공,비엔티안,202403091935
대한항공,로스앤젤레스,202403091940
대한항공,브리즈번,202403091945
대한항공,홍콩,202403092000
대한항공,마닐라,202403092005
대한항공,시애틀,202403092005
대한항공,세부,202403092005
대한항공,방콕/수완나품,202403092010
대한항공,방콕/수완나품,202403092015
대한항공,호놀룰루,202403092035
대한항공,뉴욕/존에프케네디,202403092035
대한항공,도쿄/하네다,202403092040
대한항공,타이베이,202403092055
대한항공,다낭,202403092110
대한항공,호놀룰루,202403092125
대한항공,클라크필드,202403092135
대한항공,싱가포르,202403092310
대한항공,두바이,202403092340
대한항공,신 울란바토르,202403100005
대한항공,암스테르담,202403100055
대한항공,나트랑,202403100615
대한항공,후쿠오카,202403100650
대한항공,김해,202403100700
대한항공,키타큐슈,202403100705
대한항공,옌타이,202403100725
대한항공,도쿄/나리타,202403100730
대한항공,마닐라,202403100745
대한항공,신 울란바토르,202403100745
대한항공,후쿠오카,202403100800
대한항공,하노이,202403100805
대한항공,오키나와,202403100805
대한항공,선전,202403100815
대한항공,홍콩,202403100820
대한항공,김해,202403100825
대한항공,상하이/푸동,202403100825
대한항공,삿포로,202403100830
대한항공,오카야마,202403100845
대한항공,선양(심양),202403100850
대한항공,오사카/ 간사이,202403100850
대한항공,광저우,202403100855
대한항공,장사,202403100855
대한항공,상하이/푸동,202403100855
대한항공,오사카/ 간사이,202403100900
대한항공,타이베이,202403100900
대한항공,칭다오,202403100905
대한항공,호찌민,202403100910
대한항공,방콕/수완나품,202403100915
대한항공,괌,202403100915
대한항공,우한,202403100915
대한항공,시안,202403100920
대한항공,옌지(연길),202403100925
대한항공,보스턴,202403100930
대한항공,애틀랜타,202403100935
대한항공,디트로이트,202403100935
대한항공,괌,202403100935
대한항공,타이베이,202403100940
대한항공,싱가포르,202403100950
대한항공,도쿄/나리타,202403100955
대한항공,뉴욕/존에프케네디,202403101000
대한항공,삿포로,202403101005
대한항공,샤먼,202403101005
대한항공,오키나와,202403101010
대한항공,워싱턴,202403101015
대한항공,톈진,202403101015
대한항공,호찌민,202403101015
대한항공,토론토,202403101020
대한항공,난징,202403101030
대한항공,나고야,202403101035
대한항공,하노이,202403101035
대한항공,홍콩,202403101040
대한항공,시카고/오헤어,202403101040
대한항공,하이커우,202403101045
대한항공,다낭,202403101045
대한항공,오사카/ 간사이,202403101050
대한항공,런던/히드로,202403101055
대한항공,후쿠오카,202403101105
대한항공,가고시마,202403101105
대한항공,쿠알라룸푸르,202403101105
대한항공,암스테르담,202403101110
대한항공,다낭,202403101110
대한항공,베이징/서우두,202403101110
대한항공,상하이/푸동,202403101110
대한항공,프랑크푸르트,202403101130
대한항공,덴파사르,202403101135
대한항공,파리/샤를드골,202403101145
대한항공,옌타이,202403101155
대한항공,칭다오,202403101200
대한항공,비엔나,202403101205
대한항공,파리/샤를드골,202403101210
대한항공,밀라노,202403101210
대한항공,가오슝,202403101215
대한항공,상하이/푸동,202403101215
대한항공,델리,202403101220
대한항공,타이베이,202403101225
대한항공,두바이,202403101245
대한항공,마드리드,202403101245
대한항공,다롄(대련),202403101250
대한항공,삿포로,202403101255
대한항공,상하이/푸동,202403101255
대한항공,칭다오,202403101305
대한항공,후쿠오카,202403101310
대한항공,칭다오,202403101315
대한항공,신 울란바토르,202403101320
대한항공,카트만두,202403101325
대한항공,도쿄/나리타,202403101335
대한항공,이스탄불,202403101345
대한항공,웨이하이,202403101400
대한항공,로마,202403101405
대한항공,김해,202403101415
대한항공,시안,202403101420
대한항공,로스앤젤레스,202403101430
대한항공,선양(심양),202403101430
대한항공,상하이/푸동,202403101430
대한항공,자카르타/수카르노하타,202403101505
대한항공,오사카/ 간사이,202403101510
대한항공,푸꾸옥,202403101545
대한항공,쿤밍,202403101545
대한항공,시애틀,202403101600
대한항공,샌프란시스코,202403101600
대한항공,타이베이,202403101615
대한항공,덴파사르,202403101620
대한항공,상하이/푸동,202403101620
대한항공,호찌민,202403101635
대한항공,쿠알라룸푸르,202403101640
대한항공,칭다오,202403101640
대한항공,푸켓,202403101655
대한항공,도쿄/나리타,202403101655
대한항공,방콕/수완나품,202403101710
대한항공,김해,202403101715
대한항공,방콕/수완나품,202403101720
대한항공,후쿠오카,202403101720
대한항공,덴파사르,202403101740
대한항공,푸켓,202403101745
대한항공,오클랜드(뉴질랜드),202403101755
대한항공,치앙마이,202403101805
대한항공,호찌민,202403101805
대한항공,하노이,202403101805
대한항공,밴쿠버,202403101820
대한항공,댈러스포트워스,202403101820
대한항공,상하이/푸동,202403101825
대한항공,나트랑,202403101830
대한항공,다낭,202403101830
대한항공,마닐라,202403101835
대한항공,싱가포르,202403101835
대한항공,후쿠오카,202403101840
대한항공,하노이,202403101840
대한항공,도쿄/나리타,202403101845
대한항공,시드니,202403101845
대한항공,애틀랜타,202403101845
대한항공,세부,202403101850
대한항공,프놈펜,202403101855
대한항공,나고야,202403101900
대한항공,베이징/서우두,202403101900
대한항공,방콕/수완나품,202403101905
대한항공,오사카/ 간사이,202403101905
대한항공,상하이/푸동,202403101905
대한항공,대구,202403101925
대한항공,미니애폴리스,202403101925
대한항공,김해,202403101935
대한항공,호찌민,202403101935
대한항공,비엔티안,202403101935
대한항공,로스앤젤레스,202403101940
대한항공,브리즈번,202403101945
대한항공,홍콩,202403102000
대한항공,마닐라,202403102005
대한항공,시애틀,202403102005
대한항공,세부,202403102005
대한항공,방콕/수완나품,202403102010
대한항공,방콕/수완나품,202403102015
대한항공,샌프란시스코,202403102020
대한항공,호놀룰루,202403102035
대한항공,뉴욕/존에프케네디,202403102035
대한항공,도쿄/하네다,202403102040
대한항공,타이베이,202403102055
대한항공,라스베이거스,202403102100
대한항공,다낭,202403102110
대한항공,호놀룰루,202403102125
대한항공,클라크필드,202403102135
대한항공,싱가포르,202403102310
대한항공,두바이,202403102340
대한항공,신 울란바토르,202403110005
대한항공,암스테르담,202403110055
대한항공,나트랑,202403110615
대한항공,후쿠오카,202403110650
대한항공,김해,202403110700
대한항공,키타큐슈,202403110705
대한항공,옌타이,202403110725
대한항공,도쿄/나리타,202403110730
대한항공,마닐라,202403110745
대한항공,신 울란바토르,202403110745
대한항공,베이징/서우두,202403110755
대한항공,후쿠오카,202403110800
대한항공,오사카/ 간사이,202403110800
대한항공,하노이,202403110805
대한항공,오키나와,202403110805
대한항공,선전,202403110815
대한항공,홍콩,202403110820
대한항공,김해,202403110825
대한항공,상하이/푸동,202403110825
대한항공,삿포로,202403110835
대한항공,선양(심양),202403110850
대한항공,광저우,202403110855
대한항공,장사,202403110855
대한항공,상하이/푸동,202403110855
대한항공,오사카/ 간사이,202403110900
대한항공,타이베이,202403110900
대한항공,칭다오,202403110905
대한항공,호찌민,202403110910
대한항공,방콕/수완나품,202403110915
대한항공,괌,202403110915
대한항공,우한,202403110915
대한항공,시안,202403110920
대한항공,옌지(연길),202403110925
대한항공,보스턴,202403110930
대한항공,애틀랜타,202403110935
대한항공,디트로이트,202403110935
대한항공,괌,202403110935
대한항공,타이베이,202403110940
대한항공,싱가포르,202403110950
대한항공,도쿄/나리타,202403110955
대한항공,뉴욕/존에프케네디,202403111000
대한항공,삿포로,202403111005
대한항공,샤먼,202403111005
대한항공,오키나와,202403111010
대한항공,워싱턴,202403111015
대한항공,톈진,202403111015
대한항공,호찌민,202403111015
대한항공,댈러스포트워스,202403111020
대한항공,토론토,202403111020
대한항공,난징,202403111030
대한항공,나고야,202403111035
대한항공,하노이,202403111035
대한항공,홍콩,202403111040
대한항공,시카고/오헤어,202403111040
대한항공,하이커우,202403111045
대한항공,다낭,202403111045
대한항공,오사카/ 간사이,202403111050
대한항공,런던/히드로,202403111055
대한항공,후쿠오카,202403111105
대한항공,타슈켄트,202403111105
대한항공,쿠알라룸푸르,202403111105
대한항공,다낭,202403111110
대한항공,베이징/서우두,202403111110
대한항공,프라하,202403111110
대한항공,상하이/푸동,202403111110
대한항공,프랑크푸르트,202403111130
대한항공,파리/샤를드골,202403111145
대한항공,항저우,202403111155
대한항공,옌타이,202403111155
대한항공,칭다오,202403111200
대한항공,바르셀로나,202403111205
대한항공,파리/샤를드골,202403111210
대한항공,가오슝,202403111215
대한항공,상하이/푸동,202403111215
대한항공,델리,202403111220
대한항공,타이베이,202403111225
대한항공,삿포로,202403111230
대한항공,부다페스트,202403111245
대한항공,두바이,202403111245
대한항공,다롄(대련),202403111250
대한항공,삿포로,202403111255
대한항공,상하이/푸동,202403111255
대한항공,칭다오,202403111305
대한항공,후쿠오카,202403111310
대한항공,신 울란바토르,202403111320
대한항공,카트만두,202403111325
대한항공,도쿄/나리타,202403111335
대한항공,이스탄불,202403111345
대한항공,오이타,202403111350
대한항공,웨이하이,202403111400
대한항공,로마,202403111405
대한항공,김해,202403111415
대한항공,시안,202403111420
대한항공,로스앤젤레스,202403111430
대한항공,선양(심양),202403111430
대한항공,자카르타/수카르노하타,202403111505
대한항공,오사카/ 간사이,202403111510
대한항공,푸꾸옥,202403111545
대한항공,시애틀,202403111600
대한항공,샌프란시스코,202403111600
대한항공,옌타이,202403111605
대한항공,타이베이,202403111615
대한항공,광저우,202403111615
대한항공,상하이/푸동,202403111620
대한항공,쿠알라룸푸르,202403111640
대한항공,칭다오,202403111640
대한항공,푸켓,202403111655
대한항공,도쿄/나리타,202403111655
대한항공,방콕/수완나품,202403111710
대한항공,김해,202403111715
대한항공,방콕/수완나품,202403111720
대한항공,후쿠오카,202403111720
대한항공,댈러스포트워스,202403111730
대한항공,아부다비,202403111745
대한항공,오클랜드(뉴질랜드),202403111755
대한항공,호찌민,202403111755
대한항공,치앙마이,202403111805
대한항공,호찌민,202403111805
대한항공,하노이,202403111805
대한항공,밴쿠버,202403111820
대한항공,상하이/푸동,202403111825
대한항공,나트랑,202403111830
대한항공,다낭,202403111830
대한항공,마닐라,202403111835
대한항공,싱가포르,202403111835
대한항공,후쿠오카,202403111840
대한항공,하노이,202403111840
대한항공,도쿄/나리타,202403111845
대한항공,시드니,202403111845
대한항공,애틀랜타,202403111845
대한항공,세부,202403111850
대한항공,프놈펜,202403111855
대한항공,나고야,202403111900
대한항공,베이징/서우두,202403111900
대한항공,방콕/수완나품,202403111905
대한항공,오사카/ 간사이,202403111905
대한항공,상하이/푸동,202403111905
대한항공,대구,202403111925
대한항공,미니애폴리스,202403111925
대한항공,김해,202403111935
대한항공,호찌민,202403111935
대한항공,로스앤젤레스,202403111940
대한항공,브리즈번,202403111945
대한항공,홍콩,202403112000
대한항공,마닐라,202403112005
대한항공,시애틀,202403112005
대한항공,세부,202403112005
대한항공,방콕/수완나품,202403112010
대한항공,방콕/수완나품,202403112015
대한항공,호놀룰루,202403112035
대한항공,뉴욕/존에프케네디,202403112035
대한항공,도쿄/하네다,202403112040
대한항공,타이베이,202403112055
대한항공,라스베이거스,202403112100
대한항공,다낭,202403112110
대한항공,호놀룰루,202403112125
대한항공,리야드,202403112225
대한항공,싱가포르,202403112310
대한항공,두바이,202403112340
대한항공,나트랑,202403120615
대한항공,후쿠오카,202403120650
대한항공,김해,202403120700
대한항공,키타큐슈,202403120705
대한항공,옌타이,202403120725
대한항공,도쿄/나리타,202403120730
대한항공,고마쓰,202403120735
대한항공,마닐라,202403120745
대한항공,베이징/서우두,202403120755
대한항공,후쿠오카,202403120800
대한항공,오사카/ 간사이,202403120800
대한항공,하노이,202403120805
대한항공,오키나와,202403120805
대한항공,선전,202403120815
대한항공,홍콩,202403120820
대한항공,김해,202403120825
대한항공,상하이/푸동,202403120825
대한항공,칭다오,202403120830
대한항공,삿포로,202403120835
대한항공,선양(심양),202403120850
대한항공,광저우,202403120855
대한항공,상하이/푸동,202403120855
대한항공,오사카/ 간사이,202403120900
대한항공,타이베이,202403120900
대한항공,칭다오,202403120905
대한항공,호찌민,202403120910
대한항공,방콕/수완나품,202403120915
대한항공,괌,202403120915
대한항공,시안,202403120920
대한항공,옌지(연길),202403120925
대한항공,보스턴,202403120930
대한항공,애틀랜타,202403120935
대한항공,디트로이트,202403120935
대한항공,괌,202403120935
대한항공,타이베이,202403120940
대한항공,싱가포르,202403120950
대한항공,도쿄/나리타,202403120955
대한항공,뉴욕/존에프케네디,202403121000
대한항공,삿포로,202403121005
대한항공,니가타,202403121005
대한항공,샤먼,202403121005
대한항공,오키나와,202403121010
대한항공,워싱턴,202403121015
대한항공,톈진,202403121015
대한항공,호찌민,202403121015
대한항공,토론토,202403121020
대한항공,아오모리,202403121030
대한항공,나고야,202403121035
대한항공,자카르타/수카르노하타,202403121035
대한항공,하노이,202403121035
대한항공,홍콩,202403121040
대한항공,시카고/오헤어,202403121040
대한항공,하이커우,202403121045
대한항공,다낭,202403121045
대한항공,오사카/ 간사이,202403121050
대한항공,런던/히드로,202403121055
대한항공,후쿠오카,202403121105
대한항공,타슈켄트,202403121105
대한항공,쿠알라룸푸르,202403121105
대한항공,암스테르담,202403121110
대한항공,다낭,202403121110
대한항공,상하이/푸동,202403121110
대한항공,프랑크푸르트,202403121130
대한항공,옌타이,202403121155
대한항공,칭다오,202403121200
대한항공,파리/샤를드골,202403121210
대한항공,가오슝,202403121215
대한항공,상하이/푸동,202403121215
대한항공,타이베이,202403121225
대한항공,마드리드,202403121245
대한항공,다롄(대련),202403121250
대한항공,삿포로,202403121255
대한항공,상하이/푸동,202403121255
대한항공,칭다오,202403121305
대한항공,후쿠오카,202403121310
대한항공,칭다오,202403121315
대한항공,신 울란바토르,202403121320
대한항공,도쿄/나리타,202403121335
대한항공,웨이하이,202403121400
대한항공,로마,202403121405
대한항공,김해,202403121415
대한항공,시안,202403121420
대한항공,로스앤젤레스,202403121430
대한항공,선양(심양),202403121430
대한항공,자카르타/수카르노하타,202403121505
대한항공,오사카/ 간사이,202403121510
대한항공,푸꾸옥,202403121545
대한항공,시애틀,202403121600
대한항공,샌프란시스코,202403121600
대한항공,옌타이,202403121605
대한항공,타이베이,202403121615
대한항공,덴파사르,202403121620
대한항공,상하이/푸동,202403121620
대한항공,쿠알라룸푸르,202403121640
대한항공,칭다오,202403121640
대한항공,푸켓,202403121655
대한항공,도쿄/나리타,202403121655
대한항공,방콕/수완나품,202403121710
대한항공,김해,202403121715
대한항공,방콕/수완나품,202403121720
대한항공,후쿠오카,202403121720
대한항공,댈러스포트워스,202403121730
대한항공,덴파사르,202403121740
대한항공,아부다비,202403121745
대한항공,오클랜드(뉴질랜드),202403121755
대한항공,호찌민,202403121755
대한항공,치앙마이,202403121805
대한항공,호찌민,202403121805
대한항공,하노이,202403121805
대한항공,밴쿠버,202403121820
대한항공,상하이/푸동,202403121825
대한항공,나트랑,202403121830
대한항공,다낭,202403121830
대한항공,마닐라,202403121835
대한항공,싱가포르,202403121835
대한항공,후쿠오카,202403121840
대한항공,하노이,202403121840
대한항공,도쿄/나리타,202403121845
대한항공,시드니,202403121845
대한항공,애틀랜타,202403121845
대한항공,세부,202403121850
대한항공,프놈펜,202403121855
대한항공,나고야,202403121900
대한항공,베이징/서우두,202403121900
대한항공,방콕/수완나품,202403121905
대한항공,오사카/ 간사이,202403121905
대한항공,상하이/푸동,202403121905
대한항공,대구,202403121925
대한항공,미니애폴리스,202403121925
대한항공,김해,202403121935
대한항공,호찌민,202403121935
대한항공,로스앤젤레스,202403121940
대한항공,브리즈번,202403121945
대한항공,마닐라,202403121950
대한항공,홍콩,202403122000
대한항공,시애틀,202403122005
대한항공,세부,202403122005
대한항공,방콕/수완나품,202403122010
대한항공,방콕/수완나품,202403122015
대한항공,호놀룰루,202403122035
대한항공,뉴욕/존에프케네디,202403122035
대한항공,도쿄/하네다,202403122040
대한항공,타이베이,202403122055
대한항공,다낭,202403122110
대한항공,싱가포르,202403122310
대한항공,두바이,202403122340
